{
  "Workflows": [
    {
      "Path": null,
      "SortBy": 0,
      "VariablesSectionElementsOrder": [
        "Cedula&"
      ],
      "ArgumentsSectionElementsOrder": null,
      "ConstantsSectionElementsOrder": [],
      "AddedNamespaces": null
    },
    {
      "Path": "Main.xaml",
      "SortBy": 0,
      "VariablesSectionElementsOrder": [
        "FECHA&Sequence_1",
        "LICENCIA&Sequence_1",
        "Puntos&Sequence_1",
        "Cedula&34ed5e11-aa9a-49d7-a664-48d1d4177d4d",
        "Cedulas&Sequence_1"
      ],
      "ArgumentsSectionElementsOrder": [],
      "ConstantsSectionElementsOrder": [],
      "AddedNamespaces": null
    }
  ]
}